{"stats":{"minecraft:broken":{"minecraft:wooden_axe":1},"minecraft:custom":{"minecraft:mob_kills":42,"minecraft:interact_with_anvil":1,"minecraft:interact_with_crafting_table":22,"minecraft:open_barrel":2,"minecraft:leave_game":5,"minecraft:time_since_death":81145,"minecraft:climb_one_cm":1030,"minecraft:sprint_one_cm":327628,"minecraft:walk_one_cm":200307,"minecraft:drop":24,"minecraft:deaths":6,"minecraft:sneak_time":7077,"minecraft:walk_under_water_one_cm":45031,"minecraft:jump":2112,"minecraft:walk_on_water_one_cm":28128,"minecraft:interact_with_furnace":25,"minecraft:play_one_minute":132706,"minecraft:sleep_in_bed":5,"minecraft:time_since_rest":500,"minecraft:damage_taken":4110,"minecraft:damage_absorbed":80,"minecraft:trigger_trapped_chest":3,"minecraft:damage_dealt":9470,"minecraft:swim_one_cm":47135,"minecraft:fly_one_cm":312521,"minecraft:open_chest":42,"minecraft:crouch_one_cm":9039,"minecraft:fall_one_cm":61875},"minecraft:crafted":{"butchersdelight:cookedsheepshank":11,"minecraft:oak_planks":84,"minecraft:iron_nugget":9,"minecraft:cooked_chicken":4,"minecraft:furnace":1,"minecraft:cooked_mutton":4,"minecraft:iron_boots":1,"minecraft:iron_axe":1,"minecraft:stone_pickaxe":1,"morevanillatools:quartz_pickaxe":1,"butchersdelight:hook":1,"butchersdelight:cookedsheeprack":8,"minecraft:crafting_table":2,"minecraft:spruce_planks":80,"minecraft:wooden_pickaxe":1,"minecraft:iron_sword":1,"butchersdelight:cleaver":1,"minecraft:birch_planks":20,"minecraft:stone_axe":1,"minecraft:air":0,"minecraft:shield":1,"minecraft:stick":12,"quark:oak_chest":2,"minecraft:iron_ingot":4,"minecraft:wooden_axe":1,"minecraft:iron_shovel":1,"minecraft:iron_leggings":1,"minecraft:white_bed":2,"minecraft:torch":4,"minecraft:shears":1},"minecraft:killed_by":{"swordcraftonline:assassin":3,"minecraft:skeleton":1,"swordcraftonline:slayer":1},"minecraft:used":{"duneons:stormhammer":16,"minecraft:iron_shovel":88,"duneons:swamplog":1,"minecraft:spruce_planks":38,"minecraft:shield":47,"butchersdelight:hook":1,"minecraft:iron_sword":158,"minecraft:cooked_chicken":2,"minecraft:torch":1,"enhanced_vanilla:syringa":1,"minecraft:dirt":50,"minecraft:spruce_fence":2,"minecraft:stripped_spruce_log":33,"butchersdelight:deadchickenblock":4,"minecraft:wooden_axe":37,"minecraft:iron_axe":18,"minecraft:birch_sapling":1,"butchersdelight:cookedsheepshank":4,"minecraft:furnace":1,"minecraft:oak_sapling":1,"minecraft:egg":2,"minecraft:potato":115,"minecraft:cooked_mutton":1,"minecraft:stone_pickaxe":49,"minecraft:oak_planks":54,"minecraft:wooden_pickaxe":14,"minecraft:golden_apple":5,"minecraft:sand":24,"minecraft:crafting_table":3,"minecraft:white_bed":1,"minecraft:spruce_log":41,"duneons:diamondpickaxedungeon":34,"minecraft:oak_log":22,"morevanillatools:quartz_pickaxe":35,"minecraft:apple":3,"duneons:venom":43,"minecraft:bread":10,"minecraft:stone_axe":59,"minecraft:diamond_sword":3,"minecraft:cobblestone":29,"quark:oak_chest":2,"minecraft:dandelion":1,"minecraft:bone_meal":7,"butchersdelight:cookedsheeprack":2},"minecraft:killed":{"minecraft:witch":2,"minecraft:spider":2,"minecraft:slime":6,"swordcraftonline:assassin":2,"swordcraftonline:slayer":2,"minecraft:chicken":5,"artifacts:mimic":1,"hmm:freddykrueger":1,"minecraft:zombie_villager":1,"minecraft:sheep":4,"hmm:babyfacehillsredrun":1,"minecraft:zombie":6,"swordcraftonline:murderess":4,"hmm:michaelmyers":1,"minecraft:cow":2},"minecraft:mined":{"minecraft:oak_sapling":1,"enhanced_vanilla:short_grass":16,"gravestone:gravestone":5,"duneons:swampfern":18,"minecraft:grass_block":69,"minecraft:spruce_fence":2,"duneons:fancyfence":1,"minecraft:spawner":2,"duneons:bambootall":1,"iceandfire:copper_ore":1,"graveyard:tg_moss_block":1,"minecraft:iron_ore":13,"minecraft:fire":1,"enhanced_vanilla:lavender":9,"minecraft:stripped_spruce_log":31,"enhanced_vanilla:syringa":1,"duneons:swamplog":1,"minecraft:packed_ice":3,"minecraft:stone":43,"immersiveengineering:ore_aluminum":4,"gemsplusplus:oretopaz":1,"overworld_quartz:overworld_quartz_ore":11,"gemsplusplus:orespinel":1,"minecraft:dandelion":1,"minecraft:crafting_table":1,"minecraft:torch":1,"graveyard:tg_grass_block":1,"minecraft:cobblestone":1,"minecraft:lily_pad":1,"minecraft:oak_planks":2,"butchersdelight:deadchickenblock":4,"minecraft:spruce_stairs":2,"minecraft:birch_log":5,"quark:marble":12,"minecraft:spruce_log":41,"minecraft:tnt":1,"minecraft:grass":40,"minecraft:oak_log":22,"minecraft:coal_ore":31,"enhanced_vanilla:medium_grass":4,"minecraft:gravel":3,"minecraft:sand":17,"minecraft:dirt":31,"minecraft:oak_leaves":14},"minecraft:dropped":{"minecraft:stripped_spruce_log":31,"minecraft:wheat_seeds":1,"minecraft:spruce_stairs":1,"enhanced_vanilla:lavender_stem":16,"gravestone:obituary":1,"hmm:michaelsknife":1,"duneons:fancyfence":1,"minecraft:spruce_sapling":19,"butchersdelight:cow_hide":1,"minecraft:birch_sapling":1,"minecraft:spruce_fence":2,"minecraft:oak_sapling":4,"minecraft:egg":1},"minecraft:picked_up":{"minecraft:crafting_table":1,"iceandfire:copper_ore":1,"minecraft:chicken":4,"duneons:swamplog":1,"minecraft:diamond_sword":1,"multiverse:fabric_of_reality":2,"butchersdelight:legcow":5,"minecraft:string":3,"paraglider:goddess_statue":1,"artifacts:power_glove":1,"butchersdelight:dead_cow":2,"butchersdelight:deadchickenblock":5,"travelersbackpack:enderman":1,"minecraft:beef":11,"hmm:michaelsknife":1,"butchersdelight:beefribs":1,"enhanced_vanilla:lavender_stem":25,"minecraft:light_gray_wool":1,"minecraft:birch_sapling":2,"butchersdelight:sheeprack":8,"minecraft:egg":3,"minecraft:stick":10,"enhanced_vanilla:syringa":1,"mutantbeasts:mutant_skeleton_shoulder_pad":2,"farmersdelight:minced_beef":4,"minecraft:torch":1,"minecraft:spruce_stairs":3,"gemsplusplus:topaz":2,"minecraft:spruce_fence":4,"immersiveengineering:ore_aluminum":4,"swordcraftonline:steel":4,"duneons:renegade_armor_chestplate":1,"duneons:moondagger":1,"butchersdelight:deadsheep":4,"minecraft:arrow":15,"minecraft:rotten_flesh":5,"mutantbeasts:mutant_skeleton_rib":2,"minecraft:gold_ingot":9,"graveyard:tg_moss_block":1,"minecraft:mutton":41,"quark:marble":12,"minecraft:white_wool":7,"minecraft:cobblestone":43,"gemsplusplus:spinel":1,"minecraft:birch_log":5,"minecraft:feather":4,"mutantbeasts:mutant_skeleton_skull":1,"mutantbeasts:mutant_skeleton_limb":6,"minecraft:leather":4,"minecraft:potato":60,"paraglider:spirit_orb":2,"minecraft:oak_log":33,"minecraft:lily_pad":1,"minecraft:gunpowder":2,"duneons:fancyfence":2,"minecraft:dirt":94,"minecraft:name_tag":1,"duneons:thepinkscoundrel":1,"minecraft:bone":22,"minecraft:apple":3,"minecraft:wheat_seeds":3,"butchersdelight:sheepshank":16,"minecraft:iron_ingot":21,"minecraft:iron_ore":13,"duneons:swampfern":15,"minecraft:oak_planks":2,"duneons:cauldrondisc":1,"minecraft:quartz":11,"minecraft:dandelion":1,"butchersdelight:cow_hide":1,"minecraft:sand":24,"minecraft:stripped_spruce_log":62,"minecraft:spruce_sapling":19,"minecraft:spruce_log":35,"butchersdelight:sheeploin":8,"butchersdelight:sheephide":4,"minecraft:slime_ball":30,"immersiveengineering:seed":3,"mutantbeasts:mutant_skeleton_pelvis":1,"duneons:venom":1,"minecraft:golden_apple":14,"minecraft:gray_wool":2,"minecraft:oak_sapling":5,"minecraft:coal":31}},"DataVersion":2586}