{"stats":{"minecraft:used":{"minecraft:golden_apple":1,"minecraft:water_bucket":1,"minecraft:grass_block":1,"iceandfire:dragonegg_blue":1,"swordcraftonline:ordinal_scale":2},"minecraft:picked_up":{"mutantbeasts:mutant_skeleton_skull":1,"mutantbeasts:mutant_skeleton_limb":8,"mutantbeasts:mutant_skeleton_rib":6,"mutantbeasts:mutant_skeleton_shoulder_pad":1,"mutantbeasts:mutant_skeleton_pelvis":1},"minecraft:dropped":{"minecraft:grass_block":2},"minecraft:killed":{"minecraft:skeleton":1,"mutantbeasts:mutant_skeleton":1},"minecraft:custom":{"minecraft:time_since_rest":14117,"minecraft:play_one_minute":14117,"minecraft:crouch_one_cm":1097,"minecraft:sprint_one_cm":4963,"minecraft:damage_taken":250,"minecraft:walk_one_cm":14836,"minecraft:sneak_time":462,"minecraft:mob_kills":2,"minecraft:drop":2,"minecraft:jump":22,"minecraft:damage_dealt":1709,"minecraft:leave_game":1,"minecraft:time_since_death":14117,"minecraft:fly_one_cm":105902}},"DataVersion":2586}