{"stats":{"minecraft:broken":{"minecraft:iron_boots":1,"minecraft:iron_leggings":1,"duneons:full_plate_spooky_helmet":1,"minecraft:stone_axe":1,"minecraft:wooden_axe":1},"minecraft:custom":{"minecraft:interact_with_anvil":2,"minecraft:mob_kills":61,"minecraft:interact_with_crafting_table":29,"minecraft:open_barrel":5,"goblintraders:trade_with_goblin":30,"minecraft:leave_game":7,"minecraft:time_since_death":5226,"minecraft:climb_one_cm":1030,"minecraft:sprint_one_cm":595642,"minecraft:walk_one_cm":429708,"minecraft:drop":51,"minecraft:deaths":10,"minecraft:sneak_time":13767,"minecraft:walk_under_water_one_cm":86163,"minecraft:jump":3882,"minecraft:walk_on_water_one_cm":70615,"minecraft:interact_with_furnace":33,"minecraft:play_one_minute":255910,"minecraft:sleep_in_bed":9,"minecraft:time_since_rest":5270,"minecraft:damage_taken":6907,"minecraft:damage_absorbed":180,"minecraft:trigger_trapped_chest":3,"minecraft:damage_dealt":13496,"minecraft:swim_one_cm":158270,"minecraft:fly_one_cm":501556,"minecraft:crouch_one_cm":18431,"minecraft:open_chest":67,"minecraft:interact_with_smoker":2,"minecraft:fall_one_cm":128307},"minecraft:crafted":{"minecraft:black_dye":3,"minecraft:light_gray_concrete_powder":8,"butchersdelight:cookedsheepshank":11,"minecraft:oak_planks":84,"minecraft:iron_nugget":180,"minecraft:cooked_chicken":4,"minecraft:furnace":1,"minecraft:gray_dye":4,"minecraft:bone_meal":3,"minecraft:cooked_mutton":41,"minecraft:iron_boots":1,"minecraft:iron_axe":1,"minecraft:stone_pickaxe":1,"quark:spruce_chest":1,"cgm:workbench":1,"morevanillatools:quartz_pickaxe":1,"butchersdelight:hook":1,"minecraft:crafting_table":2,"butchersdelight:cookedsheeprack":8,"minecraft:spruce_planks":188,"minecraft:wooden_pickaxe":1,"minecraft:iron_sword":1,"minecraft:spruce_door":3,"minecraft:bucket":2,"butchersdelight:cleaver":1,"minecraft:birch_planks":20,"minecraft:stone_axe":1,"minecraft:air":0,"minecraft:shield":1,"minecraft:white_dye":6,"minecraft:stick":20,"quark:oak_chest":2,"minecraft:iron_ingot":64,"minecraft:wooden_axe":1,"minecraft:iron_shovel":2,"minecraft:iron_leggings":1,"minecraft:light_gray_dye":8,"minecraft:white_bed":2,"minecraft:torch":12,"minecraft:shears":1},"minecraft:killed_by":{"minecraft:creeper":1,"swordcraftonline:assassin":4,"minecraft:skeleton":1,"swordcraftonline:slayer":1},"minecraft:used":{"duneons:stormhammer":16,"minecraft:iron_shovel":124,"quark:cobbled_deepslate":17,"duneons:swamplog":1,"minecraft:spruce_planks":173,"minecraft:shield":47,"butchersdelight:hook":1,"minecraft:iron_sword":252,"minecraft:cooked_chicken":2,"minecraft:torch":12,"minecraft:dirt":64,"enhanced_vanilla:syringa":1,"minecraft:anvil":1,"cgm:workbench":1,"minecraft:spruce_fence":2,"minecraft:stripped_spruce_log":33,"butchersdelight:deadchickenblock":4,"minecraft:wooden_axe":37,"quark:spruce_chest":1,"minecraft:lava_bucket":23,"minecraft:birch_sapling":1,"minecraft:iron_axe":23,"carryon:entity_item":4,"butchersdelight:cookedsheepshank":11,"quark:smooth_basalt":4,"minecraft:oak_sapling":1,"minecraft:furnace":1,"minecraft:egg":2,"enhanced_vanilla:tuff":15,"minecraft:potato":140,"travelersbackpack:enderman":5,"minecraft:cooked_mutton":1,"minecraft:water_bucket":10,"minecraft:iron_ore":4,"minecraft:spruce_door":3,"minecraft:stone_pickaxe":49,"minecraft:oak_planks":54,"minecraft:wooden_pickaxe":14,"minecraft:golden_apple":8,"minecraft:sand":24,"minecraft:crafting_table":3,"quark:marble":13,"minecraft:white_bed":1,"minecraft:light_gray_concrete_powder":3,"minecraft:spruce_log":41,"minecraft:end_stone":9,"duneons:diamondpickaxedungeon":355,"minecraft:oak_log":34,"morevanillatools:quartz_pickaxe":35,"minecraft:apple":8,"duneons:venom":43,"minecraft:bread":10,"cgm:assault_rifle":95,"minecraft:stone_axe":67,"minecraft:diamond_sword":15,"minecraft:cobblestone":80,"minecraft:bucket":39,"quark:oak_chest":2,"minecraft:dandelion":1,"minecraft:bone_meal":7,"butchersdelight:cookedsheeprack":8},"minecraft:killed":{"minecraft:witch":2,"minecraft:spider":2,"minecraft:slime":6,"swordcraftonline:assassin":3,"swordcraftonline:slayer":6,"minecraft:chicken":5,"artifacts:mimic":1,"hmm:freddykrueger":1,"minecraft:pig":1,"minecraft:zombie_villager":2,"minecraft:squid":4,"minecraft:sheep":4,"minecraft:pillager":2,"minecraft:zombie":9,"hmm:babyfacehillsredrun":1,"swordcraftonline:murderess":6,"hmm:michaelmyers":1,"minecraft:cow":2},"minecraft:dropped":{"minecraft:stripped_spruce_log":31,"minecraft:wheat_seeds":2,"minecraft:baked_potato":1,"immersiveengineering:ore_lead":1,"minecraft:leather":1,"minecraft:spruce_stairs":1,"minecraft:stick":1,"minecraft:flint":1,"minecraft:dirt":6,"enhanced_vanilla:lavender_stem":23,"wandering_bag:herb_of_rescue":3,"goblinsanddungeons:scoria":1,"gravestone:obituary":3,"hmm:michaelsknife":1,"minecraft:string":3,"duneons:fancyfence":1,"minecraft:spruce_sapling":19,"butchersdelight:cow_hide":1,"cgm:advanced_bullet":320,"minecraft:birch_sapling":1,"minecraft:rotten_flesh":6,"duneons:oaktotem":1,"minecraft:spruce_fence":2,"minecraft:poppy":1,"duneons:swamplog":1,"minecraft:oak_sapling":4,"gemsplusplus:spinel":1,"minecraft:arrow":3,"minecraft:quartz":1,"minecraft:egg":1},"minecraft:mined":{"minecraft:spruce_planks":3,"minecraft:oak_sapling":1,"enhanced_vanilla:short_grass":18,"minecraft:end_stone":10,"minecraft:obsidian":6,"quark:cobbled_deepslate":2,"gravestone:gravestone":7,"duneons:swampfern":18,"minecraft:spruce_fence":2,"minecraft:grass_block":81,"gemsplusplus:oretourmaline":1,"gemsplusplus:oreagate":1,"duneons:fancyfence":1,"minecraft:spruce_leaves":1,"immersiveengineering:ore_silver":5,"gemsplusplus:oreruby":1,"minecraft:spawner":2,"duneons:bambootall":1,"iceandfire:copper_ore":1,"graveyard:tg_moss_block":1,"minecraft:iron_ore":70,"minecraft:fire":1,"enhanced_vanilla:tuff":15,"enhanced_vanilla:lavender":12,"minecraft:stripped_spruce_log":31,"enhanced_vanilla:syringa":1,"minecraft:anvil":1,"quark:smooth_basalt":4,"duneons:swamplog":1,"minecraft:light_gray_concrete":3,"minecraft:packed_ice":3,"immersiveengineering:ore_lead":1,"minecraft:stone":122,"immersiveengineering:ore_aluminum":4,"gemsplusplus:oretopaz":1,"overworld_quartz:overworld_quartz_ore":19,"gemsplusplus:orespinel":1,"minecraft:dandelion":1,"appletreesrev:apple_leaves":3,"goblinsanddungeons:scoria":2,"minecraft:crafting_table":1,"minecraft:torch":3,"minecraft:emerald_ore":20,"minecraft:poppy":2,"quark:stone_speleothem":1,"graveyard:tg_grass_block":1,"minecraft:cobblestone":9,"minecraft:lily_pad":1,"minecraft:oak_planks":2,"butchersdelight:deadchickenblock":4,"minecraft:spruce_stairs":2,"minecraft:birch_log":5,"paraglider:horned_statue":1,"quark:marble":29,"minecraft:spruce_log":41,"immersiveengineering:ore_uranium":1,"minecraft:tnt":1,"quark:deepslate":59,"minecraft:grass":48,"minecraft:coal_ore":31,"minecraft:oak_log":34,"enhanced_vanilla:medium_grass":5,"minecraft:gravel":21,"minecraft:dirt":52,"minecraft:sand":31,"minecraft:cobweb":2,"minecraft:oak_leaves":16},"minecraft:picked_up":{"minecraft:crafting_table":1,"cgm:basic_bullet":501,"minecraft:chicken":4,"iceandfire:copper_ore":1,"minecraft:anvil":1,"duneons:swamplog":2,"minecraft:diamond_sword":1,"gravestone:obituary":1,"croptopia:calamari":4,"multiverse:fabric_of_reality":2,"butchersdelight:legcow":5,"paraglider:goddess_statue":1,"minecraft:string":5,"artifacts:power_glove":1,"immersiveengineering:ore_uranium":1,"butchersdelight:deadchickenblock":5,"butchersdelight:dead_cow":2,"travelersbackpack:enderman":3,"minecraft:spruce_planks":2,"minecraft:beef":11,"hmm:michaelsknife":1,"butchersdelight:beefribs":1,"enhanced_vanilla:lavender_stem":32,"minecraft:poppy":1,"quark:root_item":2,"minecraft:light_gray_wool":1,"minecraft:birch_sapling":2,"cgm:advanced_bullet":320,"butchersdelight:sheeprack":8,"minecraft:egg":3,"minecraft:stick":14,"minecraft:end_stone":10,"enhanced_vanilla:syringa":1,"gemsplusplus:ruby":1,"farmersdelight:minced_beef":4,"minecraft:torch":7,"minecraft:spruce_stairs":3,"gemsplusplus:topaz":2,"minecraft:spruce_fence":4,"mutantbeasts:mutant_skeleton_shoulder_pad":2,"immersiveengineering:ore_aluminum":4,"swordcraftonline:steel":6,"duneons:renegade_armor_chestplate":1,"duneons:moondagger":1,"minecraft:arrow":18,"butchersdelight:deadsheep":4,"minecraft:rotten_flesh":9,"quark:smooth_basalt":4,"mutantbeasts:mutant_skeleton_rib":2,"cgm:assault_rifle":1,"minecraft:gold_ingot":14,"duneons:oaktotem":1,"paraglider:horned_statue":1,"graveyard:tg_moss_block":1,"minecraft:mutton":41,"minecraft:obsidian":6,"quark:marble":29,"minecraft:white_wool":7,"minecraft:cobblestone":159,"gemsplusplus:spinel":1,"minecraft:birch_log":5,"minecraft:feather":4,"mutantbeasts:mutant_skeleton_skull":1,"mutantbeasts:mutant_skeleton_limb":6,"minecraft:leather":5,"minecraft:potato":60,"paraglider:spirit_orb":2,"minecraft:flint":1,"butchersdelight:deadpig":1,"minecraft:oak_log":45,"minecraft:lily_pad":1,"minecraft:gunpowder":60,"duneons:fancyfence":2,"minecraft:dirt":134,"minecraft:white_banner":1,"minecraft:name_tag":1,"duneons:thepinkscoundrel":1,"minecraft:bone":22,"gemsplusplus:tourmaline":2,"minecraft:apple":8,"minecraft:wheat_seeds":5,"butchersdelight:sheepshank":16,"minecraft:iron_ingot":23,"wandering_bag:pillager_bag":1,"quark:tallow":3,"minecraft:iron_ore":69,"duneons:swampfern":15,"goblinsanddungeons:scoria":2,"minecraft:oak_planks":2,"minecraft:iron_sword":1,"duneons:cauldrondisc":1,"nefdecomod:squid_raw":1,"minecraft:quartz":19,"minecraft:dandelion":1,"minecraft:gravel":16,"butchersdelight:cow_hide":1,"minecraft:sand":38,"minecraft:stripped_spruce_log":62,"minecraft:spruce_sapling":19,"minecraft:ink_sac":3,"minecraft:spruce_log":35,"immersiveengineering:ore_silver":5,"quark:cobbled_deepslate":56,"butchersdelight:sheeploin":8,"minecraft:light_gray_concrete":3,"butchersdelight:sheephide":4,"minecraft:slime_ball":30,"immersiveengineering:seed":3,"enhanced_vanilla:tuff":15,"mutantbeasts:mutant_skeleton_pelvis":1,"duneons:venom":1,"minecraft:golden_apple":62,"minecraft:gray_wool":2,"minecraft:emerald":21,"minecraft:baked_potato":1,"gemsplusplus:agate":1,"immersiveengineering:ore_lead":1,"minecraft:oak_sapling":5,"minecraft:coal":47}},"DataVersion":2586}