{"stats":{"minecraft:broken":{"minecraft:wooden_axe":1},"minecraft:crafted":{"minecraft:oak_planks":36,"minecraft:cooked_chicken":4,"minecraft:furnace":1,"minecraft:iron_boots":1,"minecraft:stone_pickaxe":1,"morevanillatools:quartz_pickaxe":1,"minecraft:crafting_table":2,"minecraft:wooden_pickaxe":1,"minecraft:iron_sword":1,"minecraft:birch_planks":20,"minecraft:stone_axe":1,"minecraft:air":0,"minecraft:shield":1,"minecraft:stick":8,"quark:oak_chest":2,"minecraft:iron_ingot":4,"minecraft:wooden_axe":1,"minecraft:iron_shovel":1,"minecraft:iron_leggings":1,"minecraft:white_bed":2,"minecraft:torch":4},"minecraft:custom":{"minecraft:mob_kills":33,"minecraft:interact_with_anvil":1,"minecraft:interact_with_crafting_table":17,"minecraft:open_barrel":2,"minecraft:leave_game":5,"minecraft:time_since_death":45145,"minecraft:climb_one_cm":1030,"minecraft:sprint_one_cm":269195,"minecraft:walk_one_cm":139738,"minecraft:drop":12,"minecraft:deaths":6,"minecraft:sneak_time":6210,"minecraft:walk_under_water_one_cm":20365,"minecraft:jump":1571,"minecraft:walk_on_water_one_cm":21037,"minecraft:interact_with_furnace":11,"minecraft:play_one_minute":96706,"minecraft:sleep_in_bed":3,"minecraft:time_since_rest":45174,"minecraft:damage_taken":3002,"minecraft:damage_absorbed":40,"minecraft:trigger_trapped_chest":3,"minecraft:damage_dealt":6375,"minecraft:swim_one_cm":28585,"minecraft:fly_one_cm":238746,"minecraft:open_chest":27,"minecraft:crouch_one_cm":6950,"minecraft:fall_one_cm":47979},"minecraft:killed_by":{"swordcraftonline:assassin":3,"minecraft:skeleton":1,"swordcraftonline:slayer":1},"minecraft:used":{"duneons:stormhammer":16,"minecraft:iron_shovel":88,"minecraft:shield":22,"minecraft:iron_sword":127,"minecraft:cooked_chicken":2,"minecraft:torch":1,"enhanced_vanilla:syringa":1,"minecraft:dirt":50,"butchersdelight:deadchickenblock":4,"minecraft:wooden_axe":37,"minecraft:birch_sapling":1,"minecraft:furnace":1,"minecraft:oak_sapling":1,"minecraft:egg":1,"minecraft:potato":105,"minecraft:stone_pickaxe":49,"minecraft:oak_planks":7,"minecraft:wooden_pickaxe":14,"minecraft:golden_apple":3,"minecraft:sand":24,"minecraft:crafting_table":3,"minecraft:white_bed":1,"minecraft:oak_log":11,"morevanillatools:quartz_pickaxe":35,"minecraft:apple":3,"duneons:venom":43,"minecraft:bread":10,"minecraft:stone_axe":23,"minecraft:diamond_sword":3,"minecraft:cobblestone":18,"quark:oak_chest":2,"minecraft:dandelion":1},"minecraft:killed":{"minecraft:witch":2,"minecraft:spider":2,"minecraft:slime":6,"swordcraftonline:assassin":1,"swordcraftonline:slayer":2,"minecraft:chicken":5,"artifacts:mimic":1,"minecraft:sheep":4,"minecraft:zombie":2,"swordcraftonline:murderess":4,"minecraft:cow":2},"minecraft:dropped":{"minecraft:wheat_seeds":1,"minecraft:spruce_stairs":1,"enhanced_vanilla:lavender_stem":5,"gravestone:obituary":1,"duneons:fancyfence":1,"minecraft:birch_sapling":1,"minecraft:oak_sapling":4},"minecraft:mined":{"minecraft:oak_sapling":1,"enhanced_vanilla:short_grass":12,"gravestone:gravestone":4,"duneons:swampfern":18,"minecraft:grass_block":69,"minecraft:spruce_fence":2,"duneons:fancyfence":1,"minecraft:spawner":2,"duneons:bambootall":1,"graveyard:tg_moss_block":1,"minecraft:iron_ore":4,"minecraft:fire":1,"enhanced_vanilla:lavender":2,"enhanced_vanilla:syringa":1,"duneons:swamplog":1,"minecraft:packed_ice":3,"minecraft:stone":40,"gemsplusplus:oretopaz":1,"overworld_quartz:overworld_quartz_ore":11,"minecraft:dandelion":1,"minecraft:crafting_table":1,"minecraft:torch":1,"graveyard:tg_grass_block":1,"minecraft:cobblestone":1,"minecraft:lily_pad":1,"butchersdelight:deadchickenblock":4,"minecraft:spruce_stairs":2,"minecraft:birch_log":5,"quark:marble":12,"minecraft:tnt":1,"minecraft:grass":27,"minecraft:oak_log":11,"minecraft:coal_ore":15,"enhanced_vanilla:medium_grass":4,"minecraft:gravel":3,"minecraft:sand":17,"minecraft:dirt":31,"minecraft:oak_leaves":13},"minecraft:picked_up":{"minecraft:crafting_table":1,"minecraft:chicken":4,"duneons:swamplog":1,"minecraft:diamond_sword":1,"multiverse:fabric_of_reality":2,"minecraft:string":3,"paraglider:goddess_statue":1,"artifacts:power_glove":1,"butchersdelight:dead_cow":2,"butchersdelight:deadchickenblock":5,"travelersbackpack:enderman":1,"enhanced_vanilla:lavender_stem":15,"minecraft:light_gray_wool":1,"minecraft:birch_sapling":2,"minecraft:egg":2,"minecraft:stick":6,"enhanced_vanilla:syringa":1,"minecraft:torch":1,"minecraft:spruce_stairs":3,"gemsplusplus:topaz":2,"minecraft:spruce_fence":2,"swordcraftonline:steel":4,"duneons:renegade_armor_chestplate":1,"duneons:moondagger":1,"butchersdelight:deadsheep":4,"minecraft:arrow":14,"minecraft:rotten_flesh":3,"minecraft:gold_ingot":8,"graveyard:tg_moss_block":1,"quark:marble":12,"minecraft:white_wool":7,"minecraft:cobblestone":40,"minecraft:birch_log":5,"minecraft:feather":4,"minecraft:potato":60,"paraglider:spirit_orb":2,"minecraft:oak_log":22,"minecraft:lily_pad":1,"minecraft:gunpowder":2,"duneons:fancyfence":2,"minecraft:dirt":94,"minecraft:name_tag":1,"duneons:thepinkscoundrel":1,"minecraft:apple":3,"minecraft:wheat_seeds":2,"minecraft:iron_ingot":12,"minecraft:iron_ore":4,"duneons:swampfern":15,"duneons:cauldrondisc":1,"minecraft:quartz":11,"minecraft:dandelion":1,"minecraft:sand":24,"minecraft:slime_ball":30,"immersiveengineering:seed":2,"duneons:venom":1,"minecraft:golden_apple":11,"minecraft:gray_wool":2,"minecraft:oak_sapling":5,"minecraft:coal":15}},"DataVersion":2586}