{"stats":{"minecraft:broken":{"minecraft:leather_leggings":1},"minecraft:custom":{"minecraft:mob_kills":41,"minecraft:interact_with_anvil":1,"minecraft:interact_with_crafting_table":7,"minecraft:open_barrel":5,"minecraft:leave_game":1,"minecraft:time_since_death":77327,"minecraft:climb_one_cm":5793,"minecraft:sprint_one_cm":155639,"minecraft:walk_one_cm":119898,"minecraft:drop":40,"minecraft:talked_to_villager":1,"minecraft:deaths":1,"minecraft:sneak_time":6409,"minecraft:walk_under_water_one_cm":961,"minecraft:jump":1571,"minecraft:walk_on_water_one_cm":2399,"minecraft:play_one_minute":80502,"minecraft:sleep_in_bed":2,"minecraft:time_since_rest":7279,"minecraft:damage_taken":2726,"minecraft:damage_absorbed":64,"minecraft:damage_dealt":7735,"minecraft:swim_one_cm":8221,"minecraft:fly_one_cm":625445,"minecraft:open_chest":51,"minecraft:crouch_one_cm":9704,"minecraft:fall_one_cm":176314},"minecraft:crafted":{"minecraft:oak_planks":148,"minecraft:iron_nugget":9,"minecraft:bone_meal":75,"minecraft:potato":54,"butchersdelight:rack":1,"minecraft:iron_axe":1,"minecraft:crafting_table":4,"minecraft:wooden_pickaxe":1,"butchersdelight:cleaver":1,"minecraft:apple":108,"minecraft:shield":1,"minecraft:stick":20,"quark:oak_chest":2},"minecraft:killed_by":{"hmm:candyman":1},"minecraft:used":{"duneons:stormhammer":11,"paraglider:goddess_statue":2,"minecraft:anvil":1,"duneons:wood_stronghold":20,"minecraft:iron_axe":89,"appletreesrev:gapple_sapling":1,"duneons:soggyswamobricks":2,"minecraft:potato":5,"minecraft:oak_planks":52,"minecraft:wooden_pickaxe":18,"minecraft:golden_apple":2,"minecraft:crafting_table":3,"minecraft:white_bed":1,"duneons:diamondpickaxedungeon":143,"minecraft:oak_log":23,"minecraft:apple":56,"minecraft:bread":4,"minecraft:diamond_sword":9,"minecraft:cobblestone":2,"quark:oak_chest":2,"minecraft:air":2,"butchersdelight:rack":1,"minecraft:bone_meal":65},"minecraft:killed":{"minecraft:witch":3,"minecraft:slime":4,"minecraft:skeleton":3,"swordcraftonline:assassin":6,"swordcraftonline:slayer":2,"goblinsanddungeons:gob":2,"minecraft:pillager":11,"minecraft:zombie":2,"hmm:jasonvoorhees":1,"swordcraftonline:murderess":5},"minecraft:mined":{"minecraft:spruce_planks":19,"minecraft:white_bed":1,"minecraft:mossy_stone_brick_slab":1,"minecraft:cobblestone_stairs":2,"enhanced_vanilla:short_grass":5,"duneons:swampfern":7,"iceandfire:lectern":1,"duneons:inventorytable":1,"duneons:fancyfence":1,"minecraft:polished_andesite_slab":3,"goblinsanddungeons:urn":1,"minecraft:spawner":17,"minecraft:large_fern":2,"minecraft:fire":1,"enhanced_vanilla:lavender":4,"nefdecomod:barrel_potatoes":1,"minecraft:anvil":1,"nefdecomod:barrel_apples":2,"duneons:swamplog":3,"minecraft:bookshelf":4,"duneons:leavesbigbamboo":1,"minecraft:spruce_slab":6,"minecraft:smithing_table":1,"duneons:soggyswamobricks":2,"minecraft:andesite_slab":3,"minecraft:cobblestone":2,"minecraft:oak_planks":1,"minecraft:air":2,"minecraft:spruce_stairs":1,"duneons:wood_stronghold":30,"nefdecomod:potatoes":1,"minecraft:stone_brick_stairs":1,"minecraft:grass":9,"minecraft:oak_log":33,"enhanced_vanilla:medium_grass":3,"minecraft:netherrack":11,"minecraft:oak_leaves":12,"minecraft:fern":1,"paraglider:goddess_statue":3},"minecraft:dropped":{"immersiveengineering:ingot_copper":3,"minecraft:wheat_seeds":4,"minecraft:smithing_table":1,"minecraft:golden_horse_armor":1,"minecraft:iron_helmet":1,"minecraft:leather":1,"minecraft:spruce_stairs":1,"minecraft:coal":3,"minecraft:golden_apple":11,"minecraft:torch":1,"duneons:wood_stronghold":4,"duneons:fancyfence":1,"duneons:swampfern":2,"minecraft:anvil":1,"immersiveengineering:stick_steel":4,"minecraft:golden_chestplate":1,"duneons:renegade_armor_helmet":1,"paraglider:goddess_statue":2,"minecraft:iron_boots":1,"minecraft:name_tag":2,"immersiveengineering:shader":1,"duneons:venom":1,"nefdecomod:oak_barrel":1,"minecraft:potato":60,"minecraft:iron_chestplate":1,"minecraft:ladder":2,"minecraft:oak_sapling":2,"minecraft:spruce_slab":2,"minecraft:slime_ball":46,"minecraft:arrow":14,"duneons:renegade_armor_chestplate":1,"iceandfire:manuscript":2,"epicfight:skillbook":1},"minecraft:picked_up":{"duneons:soggyswamobricks":2,"duneons:leavesbigbamboo":1,"minecraft:ladder":2,"nefdecomod:oak_barrel":1,"minecraft:anvil":2,"duneons:swamplog":3,"minecraft:smithing_table":1,"swordcraftonline:elixir":2,"minecraft:stone_brick_stairs":1,"duneons:sabrewing_bow":1,"paraglider:goddess_statue":4,"nefdecomod:apples":12,"minecraft:spruce_planks":6,"enhanced_vanilla:lavender_stem":1,"minecraft:spruce_slab":5,"minecraft:birch_sapling":1,"minecraft:stick":3,"immersiveengineering:shader_bag_epic":1,"minecraft:torch":1,"minecraft:spruce_stairs":1,"swordcraftonline:steel":3,"swordcraftonline:long_diamond_sword":1,"minecraft:arrow":9,"minecraft:gold_ingot":2,"minecraft:cobblestone":2,"minecraft:leather":1,"minecraft:potato":9,"paraglider:spirit_orb":34,"minecraft:oak_log":37,"duneons:fancyfence":1,"minecraft:name_tag":1,"minecraft:bone":5,"minecraft:wheat_seeds":5,"minecraft:iron_ingot":11,"duneons:swampfern":3,"minecraft:polished_andesite_slab":1,"minecraft:oak_planks":1,"minecraft:book":12,"duneons:corrupted_beacon_a":1,"butchersdelight:cow_hide":1,"minecraft:white_bed":1,"duneons:wood_stronghold":24,"minecraft:slime_ball":220,"immersiveengineering:seed":1,"iceandfire:lectern":1,"nefdecomod:potatoes":6,"minecraft:golden_apple":22,"minecraft:oak_sapling":14}},"DataVersion":2586}