{"stats":{"minecraft:dropped":{"immersiveengineering:ingot_copper":3,"immersiveengineering:stick_steel":4,"minecraft:anvil":1,"minecraft:wheat_seeds":4,"minecraft:golden_chestplate":1,"duneons:renegade_armor_helmet":1,"minecraft:smithing_table":1,"minecraft:golden_horse_armor":1,"minecraft:iron_helmet":1,"paraglider:goddess_statue":2,"minecraft:iron_boots":1,"minecraft:name_tag":2,"minecraft:golden_apple":11,"minecraft:spruce_stairs":1,"immersiveengineering:shader":1,"minecraft:coal":3,"duneons:venom":1,"nefdecomod:oak_barrel":1,"minecraft:potato":60,"minecraft:torch":1,"minecraft:iron_chestplate":1,"minecraft:oak_sapling":2,"minecraft:ladder":2,"duneons:wood_stronghold":4,"minecraft:slime_ball":46,"minecraft:spruce_slab":2,"minecraft:arrow":14,"duneons:renegade_armor_chestplate":1,"epicfight:skillbook":1,"duneons:fancyfence":1,"iceandfire:manuscript":2,"duneons:swampfern":2},"minecraft:mined":{"minecraft:smithing_table":1,"duneons:soggyswamobricks":2,"minecraft:spruce_planks":19,"minecraft:white_bed":1,"minecraft:mossy_stone_brick_slab":1,"enhanced_vanilla:short_grass":3,"minecraft:cobblestone_stairs":2,"duneons:swampfern":7,"minecraft:andesite_slab":3,"iceandfire:lectern":1,"duneons:inventorytable":1,"minecraft:cobblestone":2,"duneons:fancyfence":1,"minecraft:polished_andesite_slab":3,"minecraft:oak_planks":1,"goblinsanddungeons:urn":1,"minecraft:spawner":17,"minecraft:large_fern":2,"minecraft:spruce_stairs":1,"minecraft:fire":1,"duneons:wood_stronghold":30,"enhanced_vanilla:lavender":3,"nefdecomod:barrel_potatoes":1,"minecraft:stone_brick_stairs":1,"minecraft:anvil":1,"nefdecomod:barrel_apples":2,"nefdecomod:potatoes":1,"minecraft:grass":5,"duneons:swamplog":3,"minecraft:bookshelf":4,"minecraft:oak_log":22,"enhanced_vanilla:medium_grass":3,"minecraft:netherrack":11,"minecraft:spruce_slab":6,"minecraft:oak_leaves":1,"duneons:leavesbigbamboo":1,"minecraft:fern":1,"paraglider:goddess_statue":3},"minecraft:picked_up":{"duneons:soggyswamobricks":2,"duneons:swamplog":3,"minecraft:ladder":2,"nefdecomod:oak_barrel":1,"minecraft:anvil":2,"duneons:leavesbigbamboo":1,"minecraft:smithing_table":1,"minecraft:potato":9,"swordcraftonline:elixir":2,"paraglider:spirit_orb":34,"minecraft:stone_brick_stairs":1,"minecraft:oak_log":22,"duneons:sabrewing_bow":1,"duneons:fancyfence":1,"paraglider:goddess_statue":4,"nefdecomod:apples":12,"minecraft:name_tag":1,"minecraft:bone":5,"minecraft:wheat_seeds":4,"minecraft:spruce_planks":6,"minecraft:iron_ingot":10,"duneons:swampfern":3,"enhanced_vanilla:lavender_stem":1,"minecraft:spruce_slab":5,"minecraft:polished_andesite_slab":1,"minecraft:birch_sapling":1,"minecraft:oak_planks":1,"minecraft:book":12,"minecraft:stick":3,"immersiveengineering:shader_bag_epic":1,"duneons:corrupted_beacon_a":1,"minecraft:torch":1,"minecraft:spruce_stairs":1,"swordcraftonline:steel":3,"minecraft:white_bed":1,"duneons:wood_stronghold":24,"swordcraftonline:long_diamond_sword":1,"minecraft:arrow":9,"minecraft:slime_ball":220,"immersiveengineering:seed":1,"iceandfire:lectern":1,"nefdecomod:potatoes":6,"minecraft:golden_apple":22,"minecraft:gold_ingot":2,"minecraft:oak_sapling":12,"minecraft:cobblestone":2},"minecraft:custom":{"minecraft:interact_with_anvil":1,"minecraft:mob_kills":38,"minecraft:interact_with_crafting_table":4,"minecraft:open_barrel":5,"minecraft:play_one_minute":74625,"minecraft:leave_game":1,"minecraft:time_since_death":71450,"minecraft:sleep_in_bed":2,"minecraft:climb_one_cm":5793,"minecraft:time_since_rest":1402,"minecraft:sprint_one_cm":152421,"minecraft:damage_absorbed":64,"minecraft:damage_taken":2580,"minecraft:walk_one_cm":102726,"minecraft:drop":39,"minecraft:damage_dealt":7452,"minecraft:swim_one_cm":7893,"minecraft:talked_to_villager":1,"minecraft:fly_one_cm":619692,"minecraft:open_chest":46,"minecraft:crouch_one_cm":9547,"minecraft:deaths":1,"minecraft:sneak_time":6312,"minecraft:walk_under_water_one_cm":873,"minecraft:jump":1519,"minecraft:walk_on_water_one_cm":2399,"minecraft:fall_one_cm":175687},"minecraft:killed_by":{"hmm:candyman":1},"minecraft:killed":{"minecraft:witch":3,"goblinsanddungeons:gob":2,"minecraft:slime":4,"minecraft:skeleton":3,"minecraft:pillager":11,"swordcraftonline:assassin":5,"hmm:jasonvoorhees":1,"minecraft:zombie":2,"swordcraftonline:slayer":2,"swordcraftonline:murderess":4},"minecraft:broken":{"minecraft:leather_leggings":1},"minecraft:used":{"duneons:stormhammer":11,"minecraft:oak_planks":52,"minecraft:wooden_pickaxe":18,"minecraft:golden_apple":2,"paraglider:goddess_statue":2,"minecraft:anvil":1,"minecraft:crafting_table":3,"minecraft:white_bed":1,"duneons:diamondpickaxedungeon":143,"duneons:wood_stronghold":20,"minecraft:oak_log":14,"minecraft:apple":56,"minecraft:iron_axe":71,"minecraft:bread":4,"appletreesrev:gapple_sapling":1,"minecraft:cobblestone":2,"duneons:soggyswamobricks":2,"minecraft:potato":5,"minecraft:bone_meal":65},"minecraft:crafted":{"minecraft:oak_planks":88,"minecraft:crafting_table":4,"minecraft:wooden_pickaxe":1,"minecraft:bone_meal":75,"minecraft:potato":54,"minecraft:apple":108,"minecraft:shield":1,"minecraft:iron_axe":1,"minecraft:stick":4}},"DataVersion":2586}