{"stats":{"minecraft:custom":{"minecraft:mob_kills":128,"minecraft:interact_with_anvil":3,"minecraft:interact_with_crafting_table":24,"minecraft:open_barrel":14,"goblintraders:trade_with_goblin":42,"minecraft:leave_game":2,"minecraft:time_since_death":226650,"minecraft:climb_one_cm":8090,"minecraft:sprint_one_cm":466508,"minecraft:walk_one_cm":401627,"minecraft:drop":65,"minecraft:damage_dealt_absorbed":28,"minecraft:talked_to_villager":1,"minecraft:deaths":1,"minecraft:sneak_time":21913,"minecraft:walk_under_water_one_cm":51920,"minecraft:jump":4039,"minecraft:interact_with_blast_furnace":5,"minecraft:walk_on_water_one_cm":31844,"minecraft:interact_with_furnace":47,"minecraft:play_one_minute":229825,"minecraft:sleep_in_bed":6,"minecraft:time_since_rest":39786,"minecraft:damage_taken":5560,"minecraft:damage_absorbed":143,"minecraft:trigger_trapped_chest":5,"minecraft:damage_dealt":16388,"minecraft:swim_one_cm":138062,"minecraft:fly_one_cm":1067466,"minecraft:open_chest":104,"minecraft:crouch_one_cm":34043,"minecraft:interact_with_smoker":20,"minecraft:fall_one_cm":264194},"minecraft:broken":{"duneons:full_plate_spooky_chestplate":1,"minecraft:leather_leggings":1,"duneons:full_plate_spooky_helmet":1,"minecraft:diamond_leggings":1,"duneons:diamondpickaxedungeon":1,"butchersdelight:cleaver":1},"minecraft:crafted":{"minecraft:yellow_wool":10,"minecraft:oak_planks":252,"minecraft:iron_nugget":27,"travelersbackpack:yellow_sleeping_bag":5,"minecraft:furnace":5,"minecraft:bone_meal":351,"minecraft:diamond_shovel":1,"minecraft:potato":54,"minecraft:cooked_mutton":64,"butchersdelight:rack":1,"minecraft:glass":131,"minecraft:iron_axe":1,"quark:spruce_chest":8,"minecraft:smoker":2,"minecraft:cooked_beef":93,"minecraft:emerald":21,"butchersdelight:hook":2,"minecraft:crafting_table":4,"minecraft:spruce_planks":196,"travelersbackpack:backpack_tank":10,"minecraft:wooden_pickaxe":1,"travelersbackpack:standard":5,"morevanillatools:emerald_pickaxe":1,"butchersdelight:cleaver":3,"minecraft:air":0,"minecraft:yellow_dye":10,"minecraft:apple":108,"farmersdelight:cutting_board":2,"minecraft:shield":1,"minecraft:iron_ingot":19,"minecraft:gunpowder":42,"minecraft:stick":24,"quark:oak_chest":2,"minecraft:shears":1},"minecraft:killed_by":{"hmm:candyman":1},"minecraft:used":{"duneons:stormhammer":21,"quark:cobbled_deepslate":228,"butchersdelight:hook":2,"minecraft:torch":60,"paraglider:goddess_statue":2,"minecraft:anvil":1,"cgm:rifle":90,"minecraft:stripped_spruce_log":60,"duneons:wood_stronghold":20,"minecraft:iron_axe":190,"appletreesrev:gapple_sapling":6,"farmersdelight:cutting_board":2,"minecraft:furnace":3,"duneons:soggyswamobricks":2,"minecraft:cooked_beef":24,"minecraft:potato":5,"morevanillatools:emerald_pickaxe":402,"minecraft:oak_planks":154,"minecraft:wooden_pickaxe":18,"minecraft:golden_apple":18,"minecraft:crafting_table":3,"minecraft:blast_furnace":1,"quark:marble":13,"minecraft:white_bed":1,"minecraft:smoker":2,"duneons:diamondpickaxedungeon":392,"minecraft:oak_log":44,"minecraft:apple":88,"minecraft:diamond_shovel":141,"minecraft:bread":8,"minecraft:diamond_sword":224,"travelersbackpack:standard":6,"minecraft:cobblestone":34,"quark:oak_chest":2,"minecraft:air":10,"butchersdelight:rack":1,"minecraft:bone_meal":341},"minecraft:killed":{"minecraft:cave_spider":5,"minecraft:witch":3,"minecraft:spider":3,"minecraft:slime":4,"hmm:jigsaw":1,"minecraft:skeleton":6,"swordcraftonline:assassin":8,"swordcraftonline:slayer":12,"minecraft:drowned":1,"artifacts:mimic":2,"hmm:freddykrueger":1,"minecraft:zombie_villager":5,"goblinsanddungeons:gob":2,"minecraft:squid":4,"minecraft:sheep":12,"minecraft:pillager":12,"minecraft:zombie":20,"duneons:illagergeomancer":1,"iceandfire:ghost":1,"hmm:jasonvoorhees":1,"swordcraftonline:murderess":7,"minecraft:cow":8},"minecraft:mined":{"gemsplusplus:orechrysocolla":1,"iceandfire:graveyard_soil":1,"minecraft:spruce_planks":22,"minecraft:white_bed":1,"minecraft:mossy_stone_brick_slab":1,"minecraft:cobblestone_stairs":2,"enhanced_vanilla:short_grass":34,"quark:cobbled_deepslate":16,"swordcraftonline:ruby_ore":2,"duneons:swampfern":7,"minecraft:grass_block":3,"iceandfire:lectern":1,"duneons:inventorytable":1,"duneons:fancyfence":1,"minecraft:polished_andesite_slab":3,"minecraft:spruce_leaves":9,"goblinsanddungeons:urn":1,"minecraft:spawner":18,"minecraft:large_fern":3,"minecraft:tall_seagrass":1,"minecraft:redstone_ore":6,"iceandfire:copper_ore":1,"enhanced_vanilla:tuff":42,"minecraft:iron_ore":21,"minecraft:fire":3,"enhanced_vanilla:lavender":12,"nefdecomod:barrel_potatoes":1,"minecraft:andesite":2,"minecraft:stripped_spruce_log":60,"minecraft:anvil":1,"nefdecomod:barrel_apples":2,"quark:smooth_basalt":1,"minecraft:mossy_stone_brick_stairs":2,"duneons:swamplog":7,"minecraft:bookshelf":4,"minecraft:vine":2,"minecraft:stone":137,"duneons:leavesbigbamboo":1,"minecraft:spruce_slab":6,"quark:cobbedstone":2,"minecraft:smithing_table":1,"duneons:soggyswamobricks":2,"overworld_quartz:overworld_quartz_ore":12,"minecraft:dandelion":10,"gemsplusplus:oregarnet":1,"goblinsanddungeons:scoria":43,"minecraft:blast_furnace":1,"minecraft:poppy":7,"quark:stone_speleothem":2,"minecraft:andesite_slab":3,"minecraft:cobblestone":10,"minecraft:lily_pad":1,"gemsplusplus:oremalachite":1,"minecraft:wall_torch":2,"minecraft:oak_planks":4,"minecraft:seagrass":3,"minecraft:air":10,"minecraft:spruce_stairs":1,"quark:marble":63,"duneons:wood_stronghold":30,"quark:deepslate":229,"minecraft:tnt":1,"minecraft:wither_rose":2,"nefdecomod:potatoes":1,"minecraft:stone_brick_stairs":2,"minecraft:grass":70,"minecraft:coal_ore":28,"minecraft:oak_log":54,"enhanced_vanilla:medium_grass":20,"minecraft:gravel":2,"minecraft:sand":137,"minecraft:dirt":5,"minecraft:cobweb":10,"minecraft:cracked_stone_bricks":3,"minecraft:mossy_stone_bricks":1,"minecraft:stone_bricks":4,"minecraft:netherrack":11,"minecraft:chipped_anvil":1,"minecraft:oak_leaves":21,"minecraft:fern":1,"paraglider:goddess_statue":3},"minecraft:dropped":{"minecraft:enchanted_book":1,"minecraft:bread":6,"immersiveengineering:ingot_copper":3,"minecraft:wheat_seeds":4,"minecraft:smithing_table":1,"minecraft:golden_horse_armor":1,"minecraft:iron_helmet":1,"minecraft:cobblestone":29,"minecraft:leather":1,"minecraft:spruce_stairs":1,"minecraft:coal":3,"minecraft:golden_apple":59,"enhanced_vanilla:lavender_stem":4,"minecraft:torch":1,"farmersdelight:cooking_pot":1,"duneons:wood_stronghold":4,"minecraft:white_banner":1,"minecraft:chipped_anvil":1,"minecraft:string":6,"croptopia:calamari":4,"duneons:fancyfence":1,"minecraft:redstone":1,"duneons:swampfern":2,"minecraft:anvil":1,"immersiveengineering:stick_steel":4,"minecraft:golden_chestplate":1,"duneons:renegade_armor_helmet":1,"artifacts:aqua_dashers":1,"butchersdelight:legcow":5,"nefdecomod:squid_raw":3,"paraglider:goddess_statue":2,"minecraft:iron_boots":1,"minecraft:name_tag":2,"duneons:diamondpickaxedungeon":1,"immersiveengineering:shader":1,"duneons:venom":1,"nefdecomod:oak_barrel":1,"butchersdelight:beefribs":1,"minecraft:potato":60,"minecraft:gunpowder":58,"minecraft:iron_chestplate":1,"minecraft:ladder":2,"minecraft:oak_sapling":2,"minecraft:spider_eye":1,"minecraft:spruce_slab":2,"minecraft:slime_ball":46,"minecraft:arrow":14,"duneons:renegade_armor_chestplate":1,"iceandfire:manuscript":2,"epicfight:skillbook":2},"minecraft:picked_up":{"duneons:soggyswamobricks":2,"duneons:leavesbigbamboo":1,"minecraft:ladder":2,"nefdecomod:oak_barrel":1,"minecraft:anvil":2,"duneons:swamplog":6,"minecraft:smithing_table":1,"gemsplusplus:malachite":2,"minecraft:wither_rose":2,"swordcraftonline:elixir":2,"croptopia:calamari":4,"multiverse:fabric_of_reality":1,"minecraft:stone_brick_stairs":1,"butchersdelight:legcow":32,"duneons:sabrewing_bow":1,"minecraft:string":10,"paraglider:goddess_statue":4,"nefdecomod:apples":12,"butchersdelight:dead_cow":8,"iceandfire:graveyard_soil":1,"minecraft:spruce_planks":9,"artifacts:aqua_dashers":1,"minecraft:beef":122,"butchersdelight:beefribs":16,"enhanced_vanilla:lavender_stem":18,"minecraft:poppy":5,"minecraft:spruce_slab":5,"cgm:advanced_bullet":320,"minecraft:birch_sapling":1,"butchersdelight:sheeprack":16,"minecraft:stick":12,"immersiveengineering:shader_bag_epic":1,"gemsplusplus:chrysocolla":2,"minecraft:torch":4,"minecraft:spruce_stairs":1,"epicfight:skillbook":2,"minecraft:redstone":26,"swordcraftonline:steel":10,"minecraft:tnt":1,"swordcraftonline:long_diamond_sword":1,"butchersdelight:deadsheep":11,"minecraft:arrow":13,"minecraft:rotten_flesh":3,"quark:smooth_basalt":1,"mutantbeasts:mutant_skeleton_rib":3,"minecraft:gold_ingot":12,"minecraft:mutton":120,"artifacts:panic_necklace":1,"minecraft:white_wool":31,"quark:marble":63,"minecraft:bone_block":11,"minecraft:cobblestone":108,"minecraft:leather":29,"minecraft:potato":9,"paraglider:spirit_orb":36,"minecraft:lily_pad":1,"swordcraftonline:ruby":2,"minecraft:oak_log":71,"minecraft:dirt":1,"duneons:fancyfence":1,"minecraft:white_banner":1,"artifacts:shock_pendant":1,"minecraft:name_tag":2,"minecraft:glass":9,"minecraft:bone":127,"minecraft:chipped_anvil":1,"minecraft:apple":1,"minecraft:wheat_seeds":12,"butchersdelight:sheepshank":32,"minecraft:iron_ingot":19,"minecraft:iron_ore":19,"duneons:swampfern":3,"goblinsanddungeons:scoria":43,"minecraft:polished_andesite_slab":1,"minecraft:oak_planks":7,"minecraft:book":12,"minecraft:stripped_spruce_log":49,"minecraft:spruce_sapling":9,"duneons:corrupted_beacon_a":1,"cgm:rifle":2,"nefdecomod:squid_raw":3,"minecraft:sand":131,"minecraft:dandelion":10,"minecraft:quartz":12,"minecraft:gravel":1,"butchersdelight:beeftenderloin":16,"butchersdelight:skullcow":8,"butchersdelight:cow_hide":8,"duneons:diamondpickaxedungeon":1,"minecraft:ink_sac":3,"minecraft:blast_furnace":1,"minecraft:white_bed":1,"minecraft:spider_eye":1,"duneons:wood_stronghold":24,"quark:cobbled_deepslate":238,"butchersdelight:sheeploin":16,"butchersdelight:sheephide":8,"minecraft:slime_ball":220,"immersiveengineering:seed":2,"enhanced_vanilla:tuff":42,"iceandfire:lectern":1,"nefdecomod:potatoes":6,"minecraft:crossbow":1,"quark:cobbedstone":2,"minecraft:golden_apple":111,"minecraft:bread":6,"gemsplusplus:garnet":1,"minecraft:oak_sapling":23,"minecraft:coal":43}},"DataVersion":2586}