{"stats":{"minecraft:broken":{"minecraft:leather_leggings":1,"duneons:full_plate_spooky_helmet":1},"minecraft:custom":{"minecraft:mob_kills":67,"minecraft:interact_with_anvil":3,"minecraft:interact_with_crafting_table":11,"minecraft:open_barrel":8,"minecraft:leave_game":1,"minecraft:time_since_death":113327,"minecraft:climb_one_cm":6226,"minecraft:sprint_one_cm":250658,"minecraft:walk_one_cm":205418,"minecraft:drop":47,"minecraft:damage_dealt_absorbed":28,"minecraft:talked_to_villager":1,"minecraft:deaths":1,"minecraft:sneak_time":8686,"minecraft:walk_under_water_one_cm":21387,"minecraft:jump":2197,"minecraft:interact_with_blast_furnace":1,"minecraft:walk_on_water_one_cm":7449,"minecraft:interact_with_furnace":4,"minecraft:play_one_minute":116502,"minecraft:sleep_in_bed":5,"minecraft:time_since_rest":11482,"minecraft:damage_taken":3890,"minecraft:damage_absorbed":143,"minecraft:trigger_trapped_chest":3,"minecraft:damage_dealt":11781,"minecraft:swim_one_cm":83425,"minecraft:fly_one_cm":772083,"minecraft:open_chest":64,"minecraft:crouch_one_cm":13513,"minecraft:interact_with_smoker":8,"minecraft:fall_one_cm":203037},"minecraft:crafted":{"minecraft:oak_planks":252,"minecraft:iron_nugget":9,"minecraft:furnace":2,"minecraft:bone_meal":75,"minecraft:potato":54,"butchersdelight:rack":1,"minecraft:iron_axe":1,"minecraft:smoker":2,"minecraft:cooked_beef":20,"minecraft:crafting_table":4,"minecraft:wooden_pickaxe":1,"butchersdelight:cleaver":1,"minecraft:air":0,"minecraft:apple":108,"farmersdelight:cutting_board":1,"minecraft:shield":1,"minecraft:stick":20,"quark:oak_chest":2},"minecraft:killed_by":{"hmm:candyman":1},"minecraft:used":{"duneons:stormhammer":18,"paraglider:goddess_statue":2,"minecraft:anvil":1,"duneons:wood_stronghold":20,"minecraft:iron_axe":105,"appletreesrev:gapple_sapling":1,"farmersdelight:cutting_board":1,"duneons:soggyswamobricks":2,"minecraft:cooked_beef":16,"minecraft:potato":5,"minecraft:oak_planks":95,"minecraft:wooden_pickaxe":18,"minecraft:golden_apple":4,"minecraft:crafting_table":3,"minecraft:white_bed":1,"minecraft:smoker":2,"duneons:diamondpickaxedungeon":231,"minecraft:oak_log":44,"minecraft:apple":63,"minecraft:bread":4,"minecraft:diamond_sword":107,"minecraft:cobblestone":14,"quark:oak_chest":2,"minecraft:air":10,"butchersdelight:rack":1,"minecraft:bone_meal":65},"minecraft:killed":{"minecraft:witch":3,"minecraft:spider":2,"minecraft:slime":4,"minecraft:skeleton":6,"swordcraftonline:assassin":7,"swordcraftonline:slayer":6,"hmm:freddykrueger":1,"goblinsanddungeons:gob":2,"minecraft:squid":4,"minecraft:pillager":11,"minecraft:zombie":7,"iceandfire:ghost":1,"hmm:jasonvoorhees":1,"swordcraftonline:murderess":6},"minecraft:dropped":{"immersiveengineering:ingot_copper":3,"minecraft:wheat_seeds":4,"minecraft:smithing_table":1,"minecraft:golden_horse_armor":1,"minecraft:iron_helmet":1,"minecraft:leather":1,"minecraft:spruce_stairs":1,"minecraft:coal":3,"minecraft:golden_apple":11,"minecraft:torch":1,"duneons:wood_stronghold":4,"duneons:fancyfence":1,"duneons:swampfern":2,"minecraft:anvil":1,"immersiveengineering:stick_steel":4,"minecraft:golden_chestplate":1,"duneons:renegade_armor_helmet":1,"butchersdelight:legcow":5,"paraglider:goddess_statue":2,"minecraft:iron_boots":1,"minecraft:name_tag":2,"duneons:diamondpickaxedungeon":1,"immersiveengineering:shader":1,"duneons:venom":1,"nefdecomod:oak_barrel":1,"butchersdelight:beefribs":1,"minecraft:potato":60,"minecraft:iron_chestplate":1,"minecraft:ladder":2,"minecraft:oak_sapling":2,"minecraft:spruce_slab":2,"minecraft:slime_ball":46,"minecraft:arrow":14,"duneons:renegade_armor_chestplate":1,"iceandfire:manuscript":2,"epicfight:skillbook":1},"minecraft:mined":{"gemsplusplus:orechrysocolla":1,"iceandfire:graveyard_soil":1,"minecraft:spruce_planks":19,"minecraft:white_bed":1,"minecraft:mossy_stone_brick_slab":1,"minecraft:cobblestone_stairs":2,"enhanced_vanilla:short_grass":5,"duneons:swampfern":7,"iceandfire:lectern":1,"duneons:inventorytable":1,"duneons:fancyfence":1,"minecraft:polished_andesite_slab":3,"goblinsanddungeons:urn":1,"minecraft:spawner":17,"minecraft:large_fern":2,"iceandfire:copper_ore":1,"minecraft:iron_ore":21,"minecraft:fire":2,"enhanced_vanilla:lavender":4,"nefdecomod:barrel_potatoes":1,"minecraft:anvil":1,"nefdecomod:barrel_apples":2,"quark:smooth_basalt":1,"minecraft:mossy_stone_brick_stairs":2,"duneons:swamplog":3,"minecraft:bookshelf":4,"minecraft:vine":2,"minecraft:stone":28,"duneons:leavesbigbamboo":1,"minecraft:spruce_slab":6,"minecraft:smithing_table":1,"duneons:soggyswamobricks":2,"gemsplusplus:oregarnet":1,"minecraft:blast_furnace":1,"minecraft:andesite_slab":3,"minecraft:cobblestone":7,"minecraft:oak_planks":2,"minecraft:seagrass":1,"minecraft:air":10,"minecraft:spruce_stairs":1,"duneons:wood_stronghold":30,"minecraft:wither_rose":2,"nefdecomod:potatoes":1,"minecraft:stone_brick_stairs":2,"minecraft:grass":12,"minecraft:coal_ore":23,"minecraft:oak_log":54,"enhanced_vanilla:medium_grass":5,"minecraft:gravel":1,"minecraft:sand":1,"minecraft:stone_bricks":1,"minecraft:netherrack":11,"minecraft:chipped_anvil":1,"minecraft:oak_leaves":19,"minecraft:fern":1,"paraglider:goddess_statue":3},"minecraft:picked_up":{"duneons:soggyswamobricks":2,"duneons:leavesbigbamboo":1,"minecraft:ladder":2,"nefdecomod:oak_barrel":1,"minecraft:anvil":2,"duneons:swamplog":3,"minecraft:smithing_table":1,"minecraft:wither_rose":2,"swordcraftonline:elixir":2,"croptopia:calamari":4,"multiverse:fabric_of_reality":1,"minecraft:stone_brick_stairs":1,"butchersdelight:legcow":8,"duneons:sabrewing_bow":1,"paraglider:goddess_statue":4,"nefdecomod:apples":12,"iceandfire:graveyard_soil":1,"minecraft:spruce_planks":6,"minecraft:beef":20,"butchersdelight:beefribs":4,"enhanced_vanilla:lavender_stem":3,"minecraft:spruce_slab":5,"minecraft:birch_sapling":1,"minecraft:stick":10,"immersiveengineering:shader_bag_epic":1,"gemsplusplus:chrysocolla":2,"minecraft:torch":1,"minecraft:spruce_stairs":1,"epicfight:skillbook":1,"swordcraftonline:steel":6,"swordcraftonline:long_diamond_sword":1,"minecraft:arrow":12,"minecraft:rotten_flesh":3,"quark:smooth_basalt":1,"mutantbeasts:mutant_skeleton_rib":3,"minecraft:gold_ingot":3,"minecraft:cobblestone":35,"minecraft:leather":1,"minecraft:potato":9,"paraglider:spirit_orb":34,"minecraft:oak_log":71,"duneons:fancyfence":1,"minecraft:name_tag":1,"minecraft:bone":15,"minecraft:chipped_anvil":1,"minecraft:apple":1,"minecraft:wheat_seeds":5,"minecraft:iron_ingot":14,"minecraft:iron_ore":19,"duneons:swampfern":3,"minecraft:polished_andesite_slab":1,"minecraft:oak_planks":2,"minecraft:book":12,"duneons:corrupted_beacon_a":1,"nefdecomod:squid_raw":3,"minecraft:gravel":1,"butchersdelight:beeftenderloin":4,"butchersdelight:skullcow":2,"butchersdelight:cow_hide":2,"duneons:diamondpickaxedungeon":1,"minecraft:ink_sac":3,"minecraft:blast_furnace":1,"minecraft:white_bed":1,"duneons:wood_stronghold":24,"minecraft:slime_ball":220,"immersiveengineering:seed":1,"iceandfire:lectern":1,"nefdecomod:potatoes":6,"minecraft:golden_apple":22,"gemsplusplus:garnet":1,"minecraft:oak_sapling":23,"minecraft:coal":19}},"DataVersion":2586}