{"stats":{"minecraft:broken":{"minecraft:leather_leggings":1},"minecraft:custom":{"minecraft:mob_kills":46,"minecraft:interact_with_anvil":3,"minecraft:interact_with_crafting_table":11,"minecraft:open_barrel":5,"minecraft:leave_game":1,"minecraft:time_since_death":89327,"minecraft:climb_one_cm":5793,"minecraft:sprint_one_cm":171686,"minecraft:walk_one_cm":146092,"minecraft:drop":46,"minecraft:talked_to_villager":1,"minecraft:deaths":1,"minecraft:sneak_time":7065,"minecraft:walk_under_water_one_cm":8147,"minecraft:jump":1761,"minecraft:walk_on_water_one_cm":3815,"minecraft:play_one_minute":92502,"minecraft:sleep_in_bed":3,"minecraft:time_since_rest":10246,"minecraft:damage_taken":2910,"minecraft:damage_absorbed":64,"minecraft:damage_dealt":7735,"minecraft:swim_one_cm":23565,"minecraft:fly_one_cm":658740,"minecraft:open_chest":58,"minecraft:crouch_one_cm":11159,"minecraft:interact_with_smoker":8,"minecraft:fall_one_cm":182170},"minecraft:crafted":{"minecraft:oak_planks":252,"minecraft:iron_nugget":9,"minecraft:furnace":2,"minecraft:bone_meal":75,"minecraft:potato":54,"butchersdelight:rack":1,"minecraft:iron_axe":1,"minecraft:smoker":2,"minecraft:cooked_beef":20,"minecraft:crafting_table":4,"minecraft:wooden_pickaxe":1,"butchersdelight:cleaver":1,"minecraft:air":0,"minecraft:apple":108,"farmersdelight:cutting_board":1,"minecraft:shield":1,"minecraft:stick":20,"quark:oak_chest":2},"minecraft:killed_by":{"hmm:candyman":1},"minecraft:used":{"duneons:stormhammer":11,"paraglider:goddess_statue":2,"minecraft:anvil":1,"duneons:wood_stronghold":20,"minecraft:iron_axe":104,"appletreesrev:gapple_sapling":1,"farmersdelight:cutting_board":1,"duneons:soggyswamobricks":2,"minecraft:cooked_beef":3,"minecraft:potato":5,"minecraft:oak_planks":87,"minecraft:wooden_pickaxe":18,"minecraft:golden_apple":2,"minecraft:crafting_table":3,"minecraft:white_bed":1,"minecraft:smoker":2,"duneons:diamondpickaxedungeon":171,"minecraft:oak_log":44,"minecraft:apple":63,"minecraft:bread":4,"minecraft:diamond_sword":9,"minecraft:cobblestone":6,"quark:oak_chest":2,"minecraft:air":10,"butchersdelight:rack":1,"minecraft:bone_meal":65},"minecraft:killed":{"minecraft:witch":3,"minecraft:slime":4,"minecraft:skeleton":3,"swordcraftonline:assassin":6,"swordcraftonline:slayer":5,"goblinsanddungeons:gob":2,"minecraft:pillager":11,"minecraft:zombie":2,"hmm:jasonvoorhees":1,"swordcraftonline:murderess":6},"minecraft:mined":{"minecraft:spruce_planks":19,"minecraft:white_bed":1,"minecraft:mossy_stone_brick_slab":1,"minecraft:cobblestone_stairs":2,"enhanced_vanilla:short_grass":5,"duneons:swampfern":7,"iceandfire:lectern":1,"duneons:inventorytable":1,"duneons:fancyfence":1,"minecraft:polished_andesite_slab":3,"goblinsanddungeons:urn":1,"minecraft:spawner":17,"minecraft:large_fern":2,"minecraft:fire":1,"enhanced_vanilla:lavender":4,"nefdecomod:barrel_potatoes":1,"minecraft:anvil":1,"nefdecomod:barrel_apples":2,"duneons:swamplog":3,"minecraft:bookshelf":4,"minecraft:stone":28,"duneons:leavesbigbamboo":1,"minecraft:spruce_slab":6,"minecraft:smithing_table":1,"duneons:soggyswamobricks":2,"minecraft:andesite_slab":3,"minecraft:cobblestone":2,"minecraft:oak_planks":1,"minecraft:air":10,"minecraft:spruce_stairs":1,"duneons:wood_stronghold":30,"nefdecomod:potatoes":1,"minecraft:stone_brick_stairs":1,"minecraft:grass":11,"minecraft:oak_log":54,"enhanced_vanilla:medium_grass":5,"minecraft:netherrack":11,"minecraft:oak_leaves":19,"minecraft:fern":1,"paraglider:goddess_statue":3},"minecraft:dropped":{"immersiveengineering:ingot_copper":3,"minecraft:wheat_seeds":4,"minecraft:smithing_table":1,"minecraft:golden_horse_armor":1,"minecraft:iron_helmet":1,"minecraft:leather":1,"minecraft:spruce_stairs":1,"minecraft:coal":3,"minecraft:golden_apple":11,"minecraft:torch":1,"duneons:wood_stronghold":4,"duneons:fancyfence":1,"duneons:swampfern":2,"minecraft:anvil":1,"immersiveengineering:stick_steel":4,"minecraft:golden_chestplate":1,"duneons:renegade_armor_helmet":1,"butchersdelight:legcow":5,"paraglider:goddess_statue":2,"minecraft:iron_boots":1,"minecraft:name_tag":2,"immersiveengineering:shader":1,"duneons:venom":1,"nefdecomod:oak_barrel":1,"butchersdelight:beefribs":1,"minecraft:potato":60,"minecraft:iron_chestplate":1,"minecraft:ladder":2,"minecraft:oak_sapling":2,"minecraft:spruce_slab":2,"minecraft:slime_ball":46,"minecraft:arrow":14,"duneons:renegade_armor_chestplate":1,"iceandfire:manuscript":2,"epicfight:skillbook":1},"minecraft:picked_up":{"duneons:soggyswamobricks":2,"duneons:leavesbigbamboo":1,"minecraft:ladder":2,"nefdecomod:oak_barrel":1,"minecraft:anvil":2,"duneons:swamplog":3,"minecraft:smithing_table":1,"swordcraftonline:elixir":2,"multiverse:fabric_of_reality":1,"minecraft:stone_brick_stairs":1,"butchersdelight:legcow":8,"duneons:sabrewing_bow":1,"paraglider:goddess_statue":4,"nefdecomod:apples":12,"minecraft:spruce_planks":6,"minecraft:beef":20,"butchersdelight:beefribs":4,"enhanced_vanilla:lavender_stem":3,"minecraft:spruce_slab":5,"minecraft:birch_sapling":1,"minecraft:stick":10,"immersiveengineering:shader_bag_epic":1,"minecraft:torch":1,"minecraft:spruce_stairs":1,"swordcraftonline:steel":6,"swordcraftonline:long_diamond_sword":1,"minecraft:arrow":9,"minecraft:gold_ingot":2,"minecraft:cobblestone":30,"minecraft:leather":1,"minecraft:potato":9,"paraglider:spirit_orb":34,"minecraft:oak_log":71,"duneons:fancyfence":1,"minecraft:name_tag":1,"minecraft:bone":11,"minecraft:apple":1,"minecraft:wheat_seeds":5,"minecraft:iron_ingot":11,"duneons:swampfern":3,"minecraft:polished_andesite_slab":1,"minecraft:oak_planks":1,"minecraft:book":12,"duneons:corrupted_beacon_a":1,"butchersdelight:beeftenderloin":4,"butchersdelight:skullcow":2,"butchersdelight:cow_hide":2,"minecraft:white_bed":1,"duneons:wood_stronghold":24,"minecraft:slime_ball":220,"immersiveengineering:seed":1,"iceandfire:lectern":1,"nefdecomod:potatoes":6,"minecraft:golden_apple":22,"minecraft:oak_sapling":23}},"DataVersion":2586}