{"stats":{"minecraft:custom":{"minecraft:mob_kills":107,"minecraft:interact_with_anvil":3,"minecraft:interact_with_crafting_table":13,"minecraft:open_barrel":14,"goblintraders:trade_with_goblin":42,"minecraft:leave_game":1,"minecraft:time_since_death":191327,"minecraft:climb_one_cm":8090,"minecraft:sprint_one_cm":432232,"minecraft:walk_one_cm":344853,"minecraft:drop":65,"minecraft:damage_dealt_absorbed":28,"minecraft:talked_to_villager":1,"minecraft:deaths":1,"minecraft:sneak_time":19601,"minecraft:walk_under_water_one_cm":44961,"minecraft:jump":3550,"minecraft:interact_with_blast_furnace":3,"minecraft:walk_on_water_one_cm":26471,"minecraft:interact_with_furnace":10,"minecraft:play_one_minute":194502,"minecraft:sleep_in_bed":6,"minecraft:time_since_rest":4463,"minecraft:damage_taken":5441,"minecraft:damage_absorbed":143,"minecraft:trigger_trapped_chest":5,"minecraft:damage_dealt":16388,"minecraft:swim_one_cm":133002,"minecraft:fly_one_cm":971110,"minecraft:open_chest":83,"minecraft:crouch_one_cm":33671,"minecraft:interact_with_smoker":11,"minecraft:fall_one_cm":244596},"minecraft:crafted":{"minecraft:oak_planks":252,"minecraft:iron_nugget":9,"minecraft:furnace":2,"minecraft:bone_meal":351,"minecraft:potato":54,"butchersdelight:rack":1,"minecraft:iron_axe":1,"minecraft:smoker":2,"minecraft:cooked_beef":20,"minecraft:emerald":21,"minecraft:crafting_table":4,"minecraft:wooden_pickaxe":1,"morevanillatools:emerald_pickaxe":1,"butchersdelight:cleaver":1,"minecraft:air":0,"minecraft:apple":108,"farmersdelight:cutting_board":1,"minecraft:shield":1,"minecraft:gunpowder":42,"minecraft:stick":20,"quark:oak_chest":2},"minecraft:broken":{"duneons:full_plate_spooky_chestplate":1,"minecraft:leather_leggings":1,"duneons:full_plate_spooky_helmet":1,"minecraft:diamond_leggings":1,"duneons:diamondpickaxedungeon":1},"minecraft:killed_by":{"hmm:candyman":1},"minecraft:used":{"duneons:stormhammer":21,"quark:cobbled_deepslate":228,"minecraft:torch":60,"paraglider:goddess_statue":2,"minecraft:anvil":1,"cgm:rifle":40,"duneons:wood_stronghold":20,"minecraft:iron_axe":114,"appletreesrev:gapple_sapling":6,"farmersdelight:cutting_board":1,"duneons:soggyswamobricks":2,"minecraft:cooked_beef":20,"minecraft:potato":5,"morevanillatools:emerald_pickaxe":377,"minecraft:oak_planks":150,"minecraft:wooden_pickaxe":18,"minecraft:golden_apple":17,"minecraft:crafting_table":3,"minecraft:blast_furnace":1,"quark:marble":13,"minecraft:white_bed":1,"minecraft:smoker":2,"duneons:diamondpickaxedungeon":392,"minecraft:oak_log":44,"minecraft:apple":88,"minecraft:bread":8,"minecraft:diamond_sword":220,"minecraft:cobblestone":34,"quark:oak_chest":2,"minecraft:air":10,"butchersdelight:rack":1,"minecraft:bone_meal":341},"minecraft:killed":{"minecraft:cave_spider":5,"minecraft:witch":3,"minecraft:spider":3,"minecraft:slime":4,"hmm:jigsaw":1,"minecraft:skeleton":6,"swordcraftonline:assassin":7,"swordcraftonline:slayer":12,"artifacts:mimic":2,"hmm:freddykrueger":1,"goblinsanddungeons:gob":2,"minecraft:squid":4,"minecraft:sheep":9,"minecraft:pillager":12,"minecraft:zombie":12,"duneons:illagergeomancer":1,"iceandfire:ghost":1,"hmm:jasonvoorhees":1,"swordcraftonline:murderess":6,"minecraft:cow":6},"minecraft:mined":{"gemsplusplus:orechrysocolla":1,"iceandfire:graveyard_soil":1,"minecraft:spruce_planks":22,"minecraft:white_bed":1,"minecraft:mossy_stone_brick_slab":1,"minecraft:cobblestone_stairs":2,"enhanced_vanilla:short_grass":14,"quark:cobbled_deepslate":16,"swordcraftonline:ruby_ore":2,"duneons:swampfern":7,"minecraft:grass_block":3,"iceandfire:lectern":1,"duneons:inventorytable":1,"duneons:fancyfence":1,"minecraft:polished_andesite_slab":3,"goblinsanddungeons:urn":1,"minecraft:spawner":18,"minecraft:large_fern":2,"minecraft:redstone_ore":6,"iceandfire:copper_ore":1,"enhanced_vanilla:tuff":42,"minecraft:iron_ore":21,"minecraft:fire":3,"enhanced_vanilla:lavender":8,"nefdecomod:barrel_potatoes":1,"minecraft:andesite":2,"minecraft:anvil":1,"nefdecomod:barrel_apples":2,"quark:smooth_basalt":1,"minecraft:mossy_stone_brick_stairs":2,"duneons:swamplog":7,"minecraft:bookshelf":4,"minecraft:vine":2,"minecraft:stone":113,"duneons:leavesbigbamboo":1,"minecraft:spruce_slab":6,"quark:cobbedstone":2,"minecraft:smithing_table":1,"duneons:soggyswamobricks":2,"overworld_quartz:overworld_quartz_ore":12,"minecraft:dandelion":7,"gemsplusplus:oregarnet":1,"goblinsanddungeons:scoria":43,"minecraft:blast_furnace":1,"minecraft:poppy":1,"quark:stone_speleothem":2,"minecraft:andesite_slab":3,"minecraft:cobblestone":10,"gemsplusplus:oremalachite":1,"minecraft:wall_torch":2,"minecraft:oak_planks":4,"minecraft:seagrass":1,"minecraft:air":10,"minecraft:spruce_stairs":1,"quark:marble":63,"duneons:wood_stronghold":30,"quark:deepslate":229,"minecraft:tnt":1,"minecraft:wither_rose":2,"nefdecomod:potatoes":1,"minecraft:stone_brick_stairs":2,"minecraft:grass":44,"minecraft:coal_ore":28,"minecraft:oak_log":54,"enhanced_vanilla:medium_grass":9,"minecraft:gravel":2,"minecraft:sand":1,"minecraft:dirt":4,"minecraft:cobweb":10,"minecraft:cracked_stone_bricks":3,"minecraft:mossy_stone_bricks":1,"minecraft:stone_bricks":4,"minecraft:netherrack":11,"minecraft:chipped_anvil":1,"minecraft:oak_leaves":19,"minecraft:fern":1,"paraglider:goddess_statue":3},"minecraft:dropped":{"minecraft:enchanted_book":1,"minecraft:bread":6,"immersiveengineering:ingot_copper":3,"minecraft:wheat_seeds":4,"minecraft:smithing_table":1,"minecraft:golden_horse_armor":1,"minecraft:iron_helmet":1,"minecraft:cobblestone":29,"minecraft:leather":1,"minecraft:spruce_stairs":1,"minecraft:coal":3,"minecraft:golden_apple":59,"enhanced_vanilla:lavender_stem":4,"minecraft:torch":1,"farmersdelight:cooking_pot":1,"duneons:wood_stronghold":4,"minecraft:white_banner":1,"minecraft:chipped_anvil":1,"minecraft:string":6,"croptopia:calamari":4,"duneons:fancyfence":1,"minecraft:redstone":1,"duneons:swampfern":2,"minecraft:anvil":1,"immersiveengineering:stick_steel":4,"minecraft:golden_chestplate":1,"duneons:renegade_armor_helmet":1,"artifacts:aqua_dashers":1,"butchersdelight:legcow":5,"nefdecomod:squid_raw":3,"paraglider:goddess_statue":2,"minecraft:iron_boots":1,"minecraft:name_tag":2,"duneons:diamondpickaxedungeon":1,"immersiveengineering:shader":1,"duneons:venom":1,"nefdecomod:oak_barrel":1,"butchersdelight:beefribs":1,"minecraft:potato":60,"minecraft:gunpowder":58,"minecraft:iron_chestplate":1,"minecraft:ladder":2,"minecraft:oak_sapling":2,"minecraft:spider_eye":1,"minecraft:spruce_slab":2,"minecraft:slime_ball":46,"minecraft:arrow":14,"duneons:renegade_armor_chestplate":1,"iceandfire:manuscript":2,"epicfight:skillbook":2},"minecraft:picked_up":{"duneons:soggyswamobricks":2,"duneons:leavesbigbamboo":1,"minecraft:ladder":2,"nefdecomod:oak_barrel":1,"minecraft:anvil":2,"duneons:swamplog":6,"minecraft:smithing_table":1,"gemsplusplus:malachite":2,"minecraft:wither_rose":2,"swordcraftonline:elixir":2,"croptopia:calamari":4,"multiverse:fabric_of_reality":1,"minecraft:stone_brick_stairs":1,"butchersdelight:legcow":8,"duneons:sabrewing_bow":1,"minecraft:string":10,"paraglider:goddess_statue":4,"nefdecomod:apples":12,"butchersdelight:dead_cow":6,"iceandfire:graveyard_soil":1,"minecraft:spruce_planks":9,"artifacts:aqua_dashers":1,"minecraft:beef":20,"butchersdelight:beefribs":4,"enhanced_vanilla:lavender_stem":12,"minecraft:poppy":1,"minecraft:spruce_slab":5,"cgm:advanced_bullet":320,"minecraft:birch_sapling":1,"minecraft:stick":10,"immersiveengineering:shader_bag_epic":1,"gemsplusplus:chrysocolla":2,"minecraft:torch":4,"minecraft:spruce_stairs":1,"epicfight:skillbook":2,"minecraft:redstone":26,"swordcraftonline:steel":10,"minecraft:tnt":1,"swordcraftonline:long_diamond_sword":1,"butchersdelight:deadsheep":8,"minecraft:arrow":13,"minecraft:rotten_flesh":3,"quark:smooth_basalt":1,"mutantbeasts:mutant_skeleton_rib":3,"minecraft:gold_ingot":12,"artifacts:panic_necklace":1,"minecraft:white_wool":16,"quark:marble":63,"minecraft:bone_block":11,"minecraft:cobblestone":84,"minecraft:leather":1,"minecraft:potato":9,"paraglider:spirit_orb":36,"swordcraftonline:ruby":2,"minecraft:oak_log":71,"minecraft:dirt":1,"duneons:fancyfence":1,"minecraft:white_banner":1,"artifacts:shock_pendant":1,"minecraft:name_tag":2,"minecraft:bone":15,"minecraft:chipped_anvil":1,"minecraft:apple":1,"minecraft:wheat_seeds":8,"minecraft:iron_ingot":19,"minecraft:iron_ore":19,"duneons:swampfern":3,"goblinsanddungeons:scoria":43,"minecraft:polished_andesite_slab":1,"minecraft:oak_planks":7,"minecraft:book":12,"duneons:corrupted_beacon_a":1,"cgm:rifle":2,"nefdecomod:squid_raw":3,"minecraft:dandelion":4,"minecraft:quartz":12,"minecraft:gravel":1,"butchersdelight:beeftenderloin":4,"butchersdelight:skullcow":2,"butchersdelight:cow_hide":2,"duneons:diamondpickaxedungeon":1,"minecraft:ink_sac":3,"minecraft:blast_furnace":1,"minecraft:white_bed":1,"minecraft:spider_eye":1,"duneons:wood_stronghold":24,"quark:cobbled_deepslate":238,"minecraft:slime_ball":220,"immersiveengineering:seed":2,"enhanced_vanilla:tuff":42,"iceandfire:lectern":1,"nefdecomod:potatoes":6,"minecraft:crossbow":1,"quark:cobbedstone":2,"minecraft:golden_apple":111,"minecraft:bread":6,"gemsplusplus:garnet":1,"minecraft:oak_sapling":23,"minecraft:coal":43}},"DataVersion":2586}